{
  "project_info": {
    "project_number": "318949973366",
    "project_id": "pt-visdat-teknik-utama",
    "storage_bucket": "pt-visdat-teknik-utama.firebasestorage.app"
  },
  "client": [
    {
      "client_info": {
        "mobilesdk_app_id": "1:318949973366:android:7c88b4de91456839cf2e57",
        "android_client_info": {
          "package_name": "com.example.ptvisdatteknikutama"
        }
      },
      "oauth_client": [],
      "api_key": [
        {
          "current_key": "AIzaSyD6weQgA__bezYPcyzGxmReQpwA2EFH-zQ"
        }
      ],
      "services": {
        "appinvite_service": {
          "other_platform_oauth_client": []
        }
      }
    }
  ],
  "configuration_version": "1"
}